payment_id,enrollment_id,amount,payment_date,payment_status
1,1,5999,2024-04-24,Success
2,2,5999,2024-04-19,Pending
3,3,4999,2024-02-05,Failed
4,4,4999,2024-02-28,Pending
5,5,5999,2024-03-02,Pending
6,6,2999,2024-04-28,Pending
7,7,6999,2024-05-26,Failed
8,8,4999,2024-02-08,Pending
9,9,4999,2024-02-25,Success
10,10,5999,2024-02-12,Failed
11,11,3999,2024-04-23,Failed
12,12,6999,2024-02-03,Success
13,13,4999,2024-03-03,Success
14,14,6999,2024-02-27,Success
15,15,6999,2024-02-27,Failed
16,16,3999,2024-05-15,Success
17,17,4999,2024-05-10,Success
18,18,6999,2024-02-01,Pending
19,19,3999,2024-02-17,Failed
20,20,4999,2024-05-13,Success
21,21,2999,2024-04-25,Success
22,22,3999,2024-02-02,Pending
23,23,3999,2024-04-16,Pending
24,24,2999,2024-02-23,Pending
25,25,2999,2024-02-17,Failed
26,26,5999,2024-04-08,Success
27,27,7999,2024-02-09,Pending
28,28,5999,2024-05-10,Pending
29,29,6999,2024-04-16,Success
30,30,5999,2024-04-05,Success
31,31,6999,2024-02-06,Failed
32,32,7999,2024-04-07,Pending
33,33,5999,2024-04-23,Success
34,34,2999,2024-04-02,Pending
35,35,5999,2024-04-28,Success
36,36,5999,2024-05-02,Pending
37,37,2999,2024-05-26,Success
38,38,4999,2024-04-18,Success
39,39,2999,2024-02-17,Pending
40,40,6999,2024-04-22,Failed
41,41,6999,2024-05-02,Pending
42,42,5999,2024-04-17,Failed
43,43,4999,2024-03-30,Failed
44,44,6999,2024-03-27,Success
45,45,7999,2024-02-15,Failed
46,46,7999,2024-05-23,Failed
47,47,7999,2024-05-21,Success
48,48,5999,2024-03-29,Success
49,49,5999,2024-03-15,Pending
50,50,5999,2024-03-25,Failed
51,51,2999,2024-03-12,Pending
52,52,4999,2024-04-26,Pending
53,53,4999,2024-02-20,Failed
54,54,5999,2024-02-09,Success
55,55,2999,2024-02-12,Pending
56,56,2999,2024-05-06,Failed
57,57,4999,2024-05-14,Success
58,58,6999,2024-02-08,Failed
59,59,6999,2024-04-12,Pending
60,60,7999,2024-02-16,Pending
61,61,4999,2024-05-22,Failed
62,62,5999,2024-05-22,Failed
63,63,2999,2024-03-08,Failed
64,64,4999,2024-03-17,Success
65,65,6999,2024-04-05,Success
66,66,3999,2024-04-25,Pending
67,67,3999,2024-05-19,Success
68,68,4999,2024-05-19,Failed
69,69,4999,2024-02-15,Pending
70,70,6999,2024-02-29,Pending
71,71,6999,2024-05-09,Failed
72,72,6999,2024-04-27,Failed
73,73,6999,2024-02-04,Failed
74,74,7999,2024-05-17,Failed
75,75,4999,2024-02-04,Success
76,76,4999,2024-04-30,Pending
77,77,4999,2024-03-16,Success
78,78,3999,2024-05-22,Success
79,79,6999,2024-04-25,Pending
80,80,2999,2024-02-19,Failed
81,81,7999,2024-02-04,Success
82,82,7999,2024-04-08,Success
83,83,5999,2024-03-25,Pending
84,84,4999,2024-02-21,Pending
85,85,4999,2024-05-03,Pending
86,86,6999,2024-04-17,Success
87,87,2999,2024-02-20,Success
88,88,6999,2024-02-07,Failed
89,89,2999,2024-03-06,Pending
90,90,7999,2024-03-26,Pending
91,91,6999,2024-03-28,Pending
92,92,4999,2024-02-28,Failed
93,93,2999,2024-03-16,Pending
94,94,2999,2024-03-08,Failed
95,95,7999,2024-04-16,Pending
96,96,6999,2024-04-26,Pending
97,97,2999,2024-02-29,Pending
98,98,6999,2024-02-08,Success
99,99,3999,2024-03-10,Success
100,100,3999,2024-05-08,Pending
101,101,4999,2024-03-13,Success
102,102,2999,2024-04-04,Failed
103,103,5999,2024-02-23,Success
104,104,5999,2024-04-09,Failed
105,105,3999,2024-04-05,Failed
106,106,7999,2024-05-14,Pending
107,107,2999,2024-03-22,Failed
108,108,2999,2024-03-27,Success
109,109,5999,2024-05-28,Success
110,110,4999,2024-04-14,Pending
111,111,6999,2024-03-23,Failed
112,112,7999,2024-03-25,Pending
113,113,2999,2024-03-23,Success
114,114,4999,2024-02-22,Failed
115,115,5999,2024-05-17,Failed
116,116,4999,2024-02-12,Pending
117,117,2999,2024-03-03,Pending
118,118,6999,2024-03-23,Failed
119,119,2999,2024-03-22,Pending
120,120,7999,2024-03-15,Success
121,121,4999,2024-05-10,Success
122,122,2999,2024-04-06,Failed
123,123,2999,2024-04-08,Failed
124,124,3999,2024-05-26,Pending
125,125,4999,2024-05-04,Failed
126,126,3999,2024-03-02,Success
127,127,3999,2024-03-04,Success
128,128,3999,2024-04-18,Success
129,129,7999,2024-02-10,Success
130,130,7999,2024-04-04,Pending
131,131,6999,2024-05-08,Failed
132,132,5999,2024-04-28,Failed
133,133,7999,2024-04-22,Failed
134,134,4999,2024-05-21,Failed
135,135,4999,2024-02-20,Pending
136,136,2999,2024-04-01,Pending
137,137,7999,2024-03-10,Pending
138,138,6999,2024-02-08,Pending
139,139,6999,2024-02-10,Pending
140,140,5999,2024-03-29,Success
141,141,2999,2024-03-19,Pending
142,142,2999,2024-04-23,Success
143,143,6999,2024-04-17,Failed
144,144,5999,2024-03-31,Failed
145,145,6999,2024-05-12,Failed
146,146,2999,2024-03-29,Failed
147,147,7999,2024-02-25,Pending
148,148,6999,2024-04-01,Failed
149,149,3999,2024-02-08,Pending
150,150,2999,2024-05-14,Pending
151,151,7999,2024-02-11,Failed
152,152,7999,2024-02-23,Success
153,153,3999,2024-05-01,Pending
154,154,5999,2024-04-08,Failed
155,155,6999,2024-02-21,Pending
156,156,4999,2024-05-28,Pending
157,157,5999,2024-03-24,Pending
158,158,7999,2024-04-17,Success
159,159,7999,2024-04-23,Pending
160,160,2999,2024-03-14,Success
161,161,6999,2024-04-27,Pending
162,162,4999,2024-03-04,Failed
163,163,7999,2024-05-27,Failed
164,164,3999,2024-03-14,Success
165,165,6999,2024-04-25,Success
166,166,4999,2024-03-11,Failed
167,167,7999,2024-04-25,Pending
168,168,3999,2024-04-17,Failed
169,169,2999,2024-03-11,Failed
170,170,5999,2024-04-23,Pending
171,171,3999,2024-04-26,Failed
172,172,7999,2024-04-28,Failed
173,173,2999,2024-04-23,Failed
174,174,5999,2024-04-06,Pending
175,175,2999,2024-03-18,Pending
176,176,3999,2024-02-28,Pending
177,177,5999,2024-02-25,Success
178,178,3999,2024-02-20,Success
179,179,4999,2024-05-19,Success
180,180,6999,2024-05-09,Failed
181,181,7999,2024-05-24,Failed
182,182,2999,2024-04-25,Pending
183,183,6999,2024-02-17,Failed
184,184,5999,2024-02-20,Success
185,185,3999,2024-05-17,Failed
186,186,6999,2024-05-14,Success
187,187,7999,2024-03-28,Success
188,188,5999,2024-03-18,Failed
189,189,7999,2024-03-02,Pending
190,190,6999,2024-03-08,Failed
191,191,5999,2024-03-01,Failed
192,192,3999,2024-03-11,Pending
193,193,3999,2024-03-19,Failed
194,194,6999,2024-03-28,Pending
195,195,4999,2024-05-10,Pending
196,196,6999,2024-04-08,Pending
197,197,3999,2024-05-15,Success
198,198,6999,2024-02-18,Pending
199,199,2999,2024-04-23,Pending
200,200,4999,2024-04-11,Success
201,201,7999,2024-05-19,Failed
202,202,2999,2024-03-08,Success
203,203,3999,2024-03-06,Pending
204,204,6999,2024-02-19,Pending
205,205,2999,2024-05-27,Success
206,206,5999,2024-05-24,Pending
207,207,2999,2024-03-25,Success
208,208,5999,2024-04-05,Pending
209,209,3999,2024-03-21,Success
210,210,4999,2024-02-29,Success
211,211,4999,2024-05-30,Success
212,212,7999,2024-04-24,Pending
213,213,3999,2024-02-18,Success
214,214,4999,2024-05-28,Pending
215,215,7999,2024-05-17,Success
216,216,7999,2024-04-01,Pending
217,217,6999,2024-02-01,Success
218,218,2999,2024-03-04,Success
219,219,3999,2024-04-11,Failed
220,220,6999,2024-04-08,Pending
221,221,2999,2024-05-10,Pending
222,222,3999,2024-03-10,Success
223,223,2999,2024-03-02,Pending
224,224,7999,2024-05-12,Failed
225,225,5999,2024-02-09,Success
226,226,5999,2024-04-17,Failed
227,227,2999,2024-04-21,Failed
228,228,6999,2024-03-02,Failed
229,229,3999,2024-03-09,Pending
230,230,2999,2024-04-19,Pending
231,231,3999,2024-04-14,Pending
232,232,3999,2024-04-26,Failed
233,233,2999,2024-04-08,Pending
234,234,2999,2024-04-08,Failed
235,235,6999,2024-05-11,Failed
236,236,6999,2024-02-03,Pending
237,237,5999,2024-02-06,Failed
238,238,5999,2024-03-19,Pending
239,239,7999,2024-02-03,Pending
240,240,2999,2024-03-16,Success
241,241,7999,2024-04-25,Failed
242,242,2999,2024-05-09,Failed
243,243,7999,2024-05-07,Pending
244,244,3999,2024-02-06,Pending
245,245,6999,2024-03-15,Failed
246,246,3999,2024-05-17,Failed
247,247,5999,2024-04-30,Pending
248,248,7999,2024-02-24,Success
249,249,2999,2024-05-02,Pending
250,250,2999,2024-03-09,Success
251,251,2999,2024-05-12,Success
252,252,2999,2024-03-12,Pending
253,253,6999,2024-03-22,Failed
254,254,5999,2024-03-04,Success
255,255,7999,2024-02-25,Pending
256,256,4999,2024-05-21,Success
257,257,7999,2024-03-14,Pending
258,258,2999,2024-05-13,Pending
259,259,5999,2024-05-24,Pending
260,260,7999,2024-03-28,Pending
261,261,4999,2024-02-24,Pending
262,262,7999,2024-04-04,Pending
263,263,6999,2024-03-06,Success
264,264,7999,2024-03-26,Success
265,265,5999,2024-04-18,Success
266,266,6999,2024-03-09,Pending
267,267,2999,2024-02-11,Pending
268,268,7999,2024-03-09,Pending
269,269,5999,2024-04-18,Failed
270,270,5999,2024-02-22,Failed
271,271,5999,2024-03-16,Pending
272,272,2999,2024-05-04,Pending
273,273,6999,2024-03-27,Pending
274,274,7999,2024-05-12,Success
275,275,2999,2024-04-26,Failed
276,276,5999,2024-03-18,Failed
277,277,7999,2024-04-27,Success
278,278,2999,2024-02-19,Failed
279,279,7999,2024-05-11,Pending
280,280,2999,2024-02-17,Success
281,281,3999,2024-05-10,Failed
282,282,4999,2024-03-18,Pending
283,283,6999,2024-02-05,Failed
284,284,3999,2024-04-27,Pending
285,285,4999,2024-03-19,Pending
286,286,2999,2024-04-14,Success
287,287,6999,2024-03-18,Pending
288,288,4999,2024-04-24,Pending
289,289,3999,2024-02-15,Success
290,290,7999,2024-02-24,Pending
291,291,6999,2024-03-21,Failed
292,292,2999,2024-03-05,Pending
293,293,7999,2024-03-29,Success
294,294,6999,2024-03-08,Failed
295,295,5999,2024-02-26,Success
296,296,3999,2024-05-20,Success
297,297,5999,2024-02-23,Failed
298,298,5999,2024-02-12,Failed
299,299,4999,2024-04-26,Pending
300,300,7999,2024-02-09,Failed
